<?xml version="1.0" encoding="utf-8"?>
<extension version="2.5" type="plugin" group="vmpayment" method="upgrade">
  <name>Paymentnepal payment gateway</name>
  <author>Forcode</author>
  <creationDate>04 2021</creationDate>
  <copyright>(c) 2021 Forcode</copyright>
  <license>http://www.gnu.org/copyleft/gpl.html GNU/GPL</license>
  <authorEmail>info@forcode.pro</authorEmail>
  <authorUrl>www.forcode.pro</authorUrl>
  <version>1.0.3</version>
  <description><![CDATA[Paymentnepal payment gateway module for Joomla! 2.5 & 3.
  For correct work you need to fill notification URL in your service settings inside partner area with <your-site-url>/index.php?option=com_virtuemart&view=pluginresponse&task=pluginnotification&pelement=paymentnepal
  ]]>
  </description>
  <files>
    <filename plugin="paymentnepal">paymentnepal.php</filename>
    <filename>index.html</filename>
	<filename>paynepal.png</filename>
  </files>
  <vmconfig>
        <fields name="params">
            <fieldset name="payment" addfieldpath="/administrator/components/com_virtuemart/fields">
				<field type="vmjpluginwarning" />
				<field	name="payment_logos" type="vmfiles" label="Payment system logo"
					description="Choose logo"
					directory="/plugins/vmpayment/paymentnepal"
					default="paynepal.png" hide_default="1" hide_none="1"
					stripext="0"   exclude="php|html|xml|wsdl|ini|vm2" />
				<field name="status_pending" type="vmorderstate" scope="com_virtuemart" default="P" label="Pending" description="Choose state for Pending action" />
				<field name="status_success" type="vmorderstate" scope="com_virtuemart" default="C" label="Success" description="Choose state for Success action" />
				<field type="text" name="secret_key" size="40" default="" label="Secret key" description="Enter secret key from your service settings inside Paymentnepal partner area" />
				<field type="text" name="pay_key" size="80" default="" label="Key" description="Enter payment key from your service settings inside Paymentnepal partner area" />
			</fieldset>
		</fields>
  </vmconfig>
</extension>
