<?xml version="1.0" encoding="utf-8"?>
<extension version="2.5" type="plugin" group="vmpayment" method="upgrade">
  <name>Paymentnepal gateway</name>
  <author>Forcode</author>
  <creationDate>04 2021</creationDate>
  <copyright>(c) 2021 Forcode</copyright>
  <license>http://www.gnu.org/copyleft/gpl.html GNU/GPL</license>
  <authorEmail>info@forcode.pro</authorEmail>
  <authorUrl>www.forcode.pro</authorUrl>
  <version>1.0.1</version>
  <description><![CDATA[paymentnepal payment gateway module for Joomla! 2.5.
  To enable work fill next notification URL in service settings inside your Paymentnepal partner area <your-site-name>/index.php?option=com_virtuemart&view=pluginresponse&task=pluginnotification&pelement=rficb
  ]]>
  </description>
  <files>
    <filename plugin="paymentnepal">paymentnepal.php</filename>
    <filename>index.html</filename>
  </files>
  <params addpath="/administrator/components/com_virtuemart/elements">
    <param name="status_pending" type="vmorderstate" scope="com_virtuemart" default="P" label="Pending" description="Choose state for Pending action" />
	  <param name="status_success" type="vmorderstate" scope="com_virtuemart" default="C" label="Success" description="Choose state for Success action" />
    <param name="secret_key" size="40" type="text" default="" label="Secret key" description="Enter secret key from your service settings inside Paymentnepal partner area" />
    <param name="pay_key" size="80" type="text" default="" label="Payment key" description="Enter payment key from your service settings inside Paymentnepal partner area" />
  </params>
</extension>
